E,S,E:S,P,k1,km1,k2
100,100,0,0,1,0.1,0.01
100,100,0,0,0.1,0.1,0.01
100,100,0,0,0.01,0.1,0.01
100,100,0,0,0.006,0.1,0.01
100,100,0,0,0.001,0.1,0.01
100,100,0,0,0.0008,0.1,0.01
100,100,0,0,0.0004,0.1,0.01
100,100,0,0,0.0001,0.1,0.01
100,100,0,0,0.00008,0.1,0.01
100,100,0,0,0.00006,0.1,0.01
100,100,0,0,0.00004,0.1,0.01
100,100,0,0,0.00001,0.1,0.01
100,100,0,0,0.000008,0.1,0.01
