NFkB-B,NFkB-C,NFkB-N,T-N,T-C,NFkB-T,k1,km1,km2,km3,k3,k4,k5,k6
1000,0,0,0,0,0,10,0.003333333,0.000166667,0.000166667,833333.3333,0.5,0.000833333,0.0003
