"contactyyrate","contactymrate","contactyorate","contactmyrate","contactmmrate","contactmorate","contactoyrate","contactomrate","contactoorate","recoveryyrate","recoverymrate","recoveryorate","deathyrate","deathmrate","deathorate","Ry","Rm","Ro","Sy","Sm","So","Iy","Im","Io","D",
0.0027714317627578586,0.027714317627578585,0.0027714317627578586,0.002494288586482073,0.0038800044678610015,0.0022171454102062867,0.0013857158813789293,0.027714317627578585,0.0005542863525515717,0.005,0.0035,0.0025,0.0001,0.00055,0.001,0,0,0,990,490,500,10,10,0,0,
