"k1","k2","k3","k4","k5","k6","k7","r1","r2","r3","r4","r5","r6","Ry","Rm","Ro","Iy","Im","Io","Sy","Sm","So","D"
0.0027714317627578586,0.027714317627578585,0.002494288586482073,0.0038800044678610015,0.0022171454102062867,0.0013857158813789293,0.0005542863525515717,0.005,0.0035,0.0025,0.0001,0.00055,0.001,0,0,0,10,10,0,990,490,500,0